Auto-update on Mon May 19 01:58:44 UTC 2025
Auto-update on Tue May 20 03:31:14 UTC 2025
Auto-update on Wed May 21 03:30:16 UTC 2025
Auto-update on Thu May 22 03:30:40 UTC 2025
Auto-update on Fri May 23 03:30:25 UTC 2025
Auto-update on Sat May 24 03:15:24 UTC 2025
Auto-update on Sun May 25 03:37:04 UTC 2025
Auto-update on Mon May 26 03:34:53 UTC 2025
Auto-update on Tue May 27 03:30:20 UTC 2025
Auto-update on Wed May 28 03:32:00 UTC 2025
Auto-update on Thu May 29 03:32:49 UTC 2025
Auto-update on Fri May 30 03:31:26 UTC 2025
Auto-update on Sat May 31 03:29:04 UTC 2025
Auto-update on Sun Jun  1 03:51:40 UTC 2025
Auto-update on Mon Jun  2 03:41:12 UTC 2025
Auto-update on Tue Jun  3 03:35:13 UTC 2025
Auto-update on Wed Jun  4 03:36:19 UTC 2025
Auto-update on Thu Jun  5 03:36:19 UTC 2025
Auto-update on Fri Jun  6 03:35:46 UTC 2025
Auto-update on Sat Jun  7 03:32:29 UTC 2025
Auto-update on Sun Jun  8 03:41:42 UTC 2025
Auto-update on Mon Jun  9 03:41:20 UTC 2025
Auto-update on Tue Jun 10 03:37:30 UTC 2025
Auto-update on Wed Jun 11 03:37:22 UTC 2025
Auto-update on Thu Jun 12 03:36:21 UTC 2025
Auto-update on Fri Jun 13 03:36:59 UTC 2025
Auto-update on Sat Jun 14 03:31:29 UTC 2025
Auto-update on Sun Jun 15 03:41:22 UTC 2025
Auto-update on Mon Jun 16 03:42:09 UTC 2025
Auto-update on Tue Jun 17 03:37:16 UTC 2025
Auto-update on Wed Jun 18 03:36:38 UTC 2025
Auto-update on Thu Jun 19 00:58:52 UTC 2025
Auto-update on Fri Jun 20 00:58:30 UTC 2025
Auto-update on Sat Jun 21 00:57:40 UTC 2025
Auto-update on Sun Jun 22 01:04:20 UTC 2025
Auto-update on Mon Jun 23 01:02:29 UTC 2025
Auto-update on Tue Jun 24 00:59:10 UTC 2025
Auto-update on Wed Jun 25 00:59:40 UTC 2025
Auto-update on Thu Jun 26 00:59:01 UTC 2025
Auto-update on Fri Jun 27 00:59:41 UTC 2025
Auto-update on Sat Jun 28 00:57:18 UTC 2025
Auto-update on Sun Jun 29 01:05:44 UTC 2025
Auto-update on Mon Jun 30 01:02:53 UTC 2025
Auto-update on Tue Jul  1 01:06:07 UTC 2025
Auto-update on Wed Jul  2 00:59:25 UTC 2025
Auto-update on Thu Jul  3 00:59:08 UTC 2025
Auto-update on Fri Jul  4 00:58:46 UTC 2025
Auto-update on Sat Jul  5 00:56:47 UTC 2025
Auto-update on Sun Jul  6 01:04:53 UTC 2025
Auto-update on Mon Jul  7 01:03:29 UTC 2025
Auto-update on Tue Jul  8 00:59:37 UTC 2025
Auto-update on Wed Jul  9 01:00:23 UTC 2025
Auto-update on Thu Jul 10 01:00:21 UTC 2025
Auto-update on Fri Jul 11 01:00:46 UTC 2025
Auto-update on Sat Jul 12 01:02:20 UTC 2025
Auto-update on Sun Jul 13 01:06:48 UTC 2025
Auto-update on Mon Jul 14 01:04:06 UTC 2025
Auto-update on Tue Jul 15 01:03:14 UTC 2025
Auto-update on Wed Jul 16 01:01:50 UTC 2025
Auto-update on Thu Jul 17 01:02:21 UTC 2025
Auto-update on Fri Jul 18 01:01:40 UTC 2025
Auto-update on Sat Jul 19 01:00:16 UTC 2025
Auto-update on Sun Jul 20 01:08:20 UTC 2025
Auto-update on Mon Jul 21 01:05:57 UTC 2025
Auto-update on Tue Jul 22 01:02:14 UTC 2025
Auto-update on Wed Jul 23 01:03:11 UTC 2025
Auto-update on Thu Jul 24 01:02:25 UTC 2025
Auto-update on Fri Jul 25 01:02:07 UTC 2025
Auto-update on Sat Jul 26 01:00:34 UTC 2025
Auto-update on Sun Jul 27 01:08:23 UTC 2025
Auto-update on Mon Jul 28 01:07:00 UTC 2025
Auto-update on Tue Jul 29 01:09:07 UTC 2025
Auto-update on Wed Jul 30 01:03:22 UTC 2025
Auto-update on Thu Jul 31 01:03:19 UTC 2025
Auto-update on Fri Aug  1 01:10:32 UTC 2025
Auto-update on Sat Aug  2 01:00:35 UTC 2025
Auto-update on Sun Aug  3 01:09:39 UTC 2025
Auto-update on Mon Aug  4 01:08:40 UTC 2025
Auto-update on Tue Aug  5 01:04:56 UTC 2025
Auto-update on Wed Aug  6 01:03:48 UTC 2025
Auto-update on Thu Aug  7 01:04:25 UTC 2025
Auto-update on Fri Aug  8 01:03:58 UTC 2025
Auto-update on Sat Aug  9 00:58:30 UTC 2025
Auto-update on Sun Aug 10 01:07:32 UTC 2025
Auto-update on Mon Aug 11 01:04:54 UTC 2025
Auto-update on Tue Aug 12 00:58:33 UTC 2025
Auto-update on Wed Aug 13 00:59:37 UTC 2025
Auto-update on Thu Aug 14 00:59:53 UTC 2025
Auto-update on Fri Aug 15 00:59:59 UTC 2025
Auto-update on Sat Aug 16 00:57:01 UTC 2025
Auto-update on Sun Aug 17 01:04:07 UTC 2025
Auto-update on Mon Aug 18 01:03:35 UTC 2025
Auto-update on Tue Aug 19 00:57:50 UTC 2025
Auto-update on Wed Aug 20 00:55:43 UTC 2025
Auto-update on Thu Aug 21 00:54:37 UTC 2025
Auto-update on Fri Aug 22 00:55:42 UTC 2025
Auto-update on Sat Aug 23 00:53:37 UTC 2025
Auto-update on Sun Aug 24 01:01:52 UTC 2025
Auto-update on Mon Aug 25 00:58:20 UTC 2025
Auto-update on Tue Aug 26 00:56:35 UTC 2025
Auto-update on Wed Aug 27 00:54:45 UTC 2025
Auto-update on Thu Aug 28 00:54:10 UTC 2025
Auto-update on Fri Aug 29 00:54:27 UTC 2025
Auto-update on Sat Aug 30 00:51:39 UTC 2025
Auto-update on Sun Aug 31 00:58:14 UTC 2025
Auto-update on Mon Sep  1 01:04:28 UTC 2025
Auto-update on Tue Sep  2 00:55:08 UTC 2025
Auto-update on Wed Sep  3 00:51:51 UTC 2025
Auto-update on Thu Sep  4 00:51:59 UTC 2025
Auto-update on Fri Sep  5 00:53:08 UTC 2025
Auto-update on Sat Sep  6 00:51:51 UTC 2025
Auto-update on Sun Sep  7 00:57:33 UTC 2025
Auto-update on Mon Sep  8 00:56:24 UTC 2025
Auto-update on Tue Sep  9 00:53:55 UTC 2025
Auto-update on Wed Sep 10 00:52:44 UTC 2025
Auto-update on Thu Sep 11 00:53:43 UTC 2025
Auto-update on Fri Sep 12 00:51:40 UTC 2025
Auto-update on Sat Sep 13 00:49:04 UTC 2025
Auto-update on Sun Sep 14 00:56:38 UTC 2025
Auto-update on Mon Sep 15 00:57:14 UTC 2025
Auto-update on Tue Sep 16 00:52:49 UTC 2025
Auto-update on Wed Sep 17 00:52:38 UTC 2025
Auto-update on Thu Sep 18 00:52:04 UTC 2025
Auto-update on Fri Sep 19 00:54:24 UTC 2025
Auto-update on Sat Sep 20 00:51:07 UTC 2025
Auto-update on Sun Sep 21 00:58:28 UTC 2025
Auto-update on Mon Sep 22 00:57:59 UTC 2025
Auto-update on Tue Sep 23 00:52:44 UTC 2025
Auto-update on Wed Sep 24 00:53:40 UTC 2025
Auto-update on Thu Sep 25 00:53:44 UTC 2025
Auto-update on Fri Sep 26 00:53:09 UTC 2025
Auto-update on Sat Sep 27 00:51:25 UTC 2025
Auto-update on Sun Sep 28 00:58:52 UTC 2025
Auto-update on Mon Sep 29 00:55:03 UTC 2025
Auto-update on Tue Sep 30 00:54:04 UTC 2025
Auto-update on Wed Oct  1 00:59:59 UTC 2025
Auto-update on Thu Oct  2 00:52:36 UTC 2025
Auto-update on Fri Oct  3 00:52:26 UTC 2025
Auto-update on Sat Oct  4 00:49:50 UTC 2025
Auto-update on Sun Oct  5 00:58:12 UTC 2025
Auto-update on Mon Oct  6 00:54:20 UTC 2025
Auto-update on Tue Oct  7 00:53:12 UTC 2025
Auto-update on Wed Oct  8 00:52:53 UTC 2025
Auto-update on Thu Oct  9 00:53:49 UTC 2025
Auto-update on Fri Oct 10 00:53:11 UTC 2025
Auto-update on Sat Oct 11 00:50:47 UTC 2025
Auto-update on Sun Oct 12 00:56:07 UTC 2025
Auto-update on Mon Oct 13 00:57:34 UTC 2025
Auto-update on Tue Oct 14 00:53:28 UTC 2025
Auto-update on Wed Oct 15 00:55:03 UTC 2025
Auto-update on Thu Oct 16 00:54:49 UTC 2025
Auto-update on Fri Oct 17 00:54:14 UTC 2025
Auto-update on Sat Oct 18 00:51:38 UTC 2025
Auto-update on Sun Oct 19 01:00:52 UTC 2025
Auto-update on Mon Oct 20 00:58:47 UTC 2025
Auto-update on Tue Oct 21 00:56:08 UTC 2025
Auto-update on Wed Oct 22 00:57:10 UTC 2025
Auto-update on Thu Oct 23 00:55:33 UTC 2025
Auto-update on Fri Oct 24 00:52:00 UTC 2025
Auto-update on Sat Oct 25 00:53:55 UTC 2025
Auto-update on Sun Oct 26 00:58:56 UTC 2025
Auto-update on Mon Oct 27 01:00:29 UTC 2025
Auto-update on Tue Oct 28 00:54:22 UTC 2025
Auto-update on Wed Oct 29 00:58:20 UTC 2025
Auto-update on Thu Oct 30 00:58:03 UTC 2025
Auto-update on Fri Oct 31 00:56:11 UTC 2025
Auto-update on Sat Nov  1 00:59:16 UTC 2025
Auto-update on Sun Nov  2 01:00:00 UTC 2025
Auto-update on Mon Nov  3 00:59:18 UTC 2025
Auto-update on Tue Nov  4 00:56:42 UTC 2025
Auto-update on Wed Nov  5 00:58:11 UTC 2025
Auto-update on Thu Nov  6 00:57:18 UTC 2025
Auto-update on Fri Nov  7 00:57:02 UTC 2025
Auto-update on Sat Nov  8 00:53:48 UTC 2025
Auto-update on Sun Nov  9 01:00:03 UTC 2025
Auto-update on Mon Nov 10 00:59:50 UTC 2025
Auto-update on Tue Nov 11 00:58:17 UTC 2025
Auto-update on Wed Nov 12 00:57:52 UTC 2025
Auto-update on Thu Nov 13 00:57:47 UTC 2025
Auto-update on Fri Nov 14 00:57:34 UTC 2025
Auto-update on Sat Nov 15 00:56:14 UTC 2025
Auto-update on Sun Nov 16 01:01:30 UTC 2025
Auto-update on Mon Nov 17 00:58:53 UTC 2025
Auto-update on Tue Nov 18 00:57:10 UTC 2025
Auto-update on Wed Nov 19 00:57:34 UTC 2025
Auto-update on Thu Nov 20 00:56:18 UTC 2025
Auto-update on Fri Nov 21 00:56:55 UTC 2025
Auto-update on Sat Nov 22 00:54:48 UTC 2025
Auto-update on Sun Nov 23 01:05:02 UTC 2025
Auto-update on Mon Nov 24 01:01:16 UTC 2025
Auto-update on Tue Nov 25 00:56:58 UTC 2025
Auto-update on Wed Nov 26 00:57:34 UTC 2025
Auto-update on Thu Nov 27 00:56:41 UTC 2025
Auto-update on Fri Nov 28 00:55:45 UTC 2025
Auto-update on Sat Nov 29 00:56:10 UTC 2025
Auto-update on Sun Nov 30 01:04:43 UTC 2025
Auto-update on Mon Dec  1 01:09:24 UTC 2025
Auto-update on Tue Dec  2 00:58:54 UTC 2025
Auto-update on Wed Dec  3 00:58:47 UTC 2025
Auto-update on Thu Dec  4 00:58:50 UTC 2025
Auto-update on Fri Dec  5 00:59:16 UTC 2025
Auto-update on Sat Dec  6 00:56:11 UTC 2025
Auto-update on Sun Dec  7 01:04:48 UTC 2025
Auto-update on Mon Dec  8 00:59:28 UTC 2025
Auto-update on Tue Dec  9 00:58:51 UTC 2025
Auto-update on Wed Dec 10 01:00:34 UTC 2025
Auto-update on Thu Dec 11 01:01:04 UTC 2025
Auto-update on Fri Dec 12 01:00:50 UTC 2025
Auto-update on Sat Dec 13 00:57:09 UTC 2025
Auto-update on Sun Dec 14 01:05:16 UTC 2025
Auto-update on Mon Dec 15 01:03:08 UTC 2025
Auto-update on Tue Dec 16 01:01:12 UTC 2025
Auto-update on Wed Dec 17 00:56:56 UTC 2025
Auto-update on Thu Dec 18 00:57:45 UTC 2025
Auto-update on Fri Dec 19 01:00:37 UTC 2025
Auto-update on Sat Dec 20 00:57:31 UTC 2025
Auto-update on Sun Dec 21 01:04:53 UTC 2025
Auto-update on Mon Dec 22 01:03:42 UTC 2025
Auto-update on Tue Dec 23 01:00:50 UTC 2025
Auto-update on Wed Dec 24 01:00:09 UTC 2025
Auto-update on Thu Dec 25 01:00:28 UTC 2025
Auto-update on Fri Dec 26 01:00:46 UTC 2025
Auto-update on Sat Dec 27 00:59:28 UTC 2025
Auto-update on Sun Dec 28 01:08:25 UTC 2025
Auto-update on Mon Dec 29 01:06:15 UTC 2025
Auto-update on Tue Dec 30 01:01:15 UTC 2025
Auto-update on Wed Dec 31 01:02:28 UTC 2025
Auto-update on Thu Jan  1 01:08:34 UTC 2026
Auto-update on Fri Jan  2 01:02:17 UTC 2026
Auto-update on Sat Jan  3 00:58:36 UTC 2026
Auto-update on Sun Jan  4 01:09:01 UTC 2026
Auto-update on Mon Jan  5 01:08:05 UTC 2026
Auto-update on Tue Jan  6 01:02:20 UTC 2026
Auto-update on Wed Jan  7 01:02:53 UTC 2026
Auto-update on Thu Jan  8 01:02:34 UTC 2026
Auto-update on Fri Jan  9 01:03:02 UTC 2026
Auto-update on Sat Jan 10 01:00:40 UTC 2026
Auto-update on Sun Jan 11 01:08:50 UTC 2026
Auto-update on Mon Jan 12 01:05:53 UTC 2026
Auto-update on Tue Jan 13 00:59:12 UTC 2026
Auto-update on Wed Jan 14 01:04:49 UTC 2026
Auto-update on Thu Jan 15 01:00:56 UTC 2026
Auto-update on Fri Jan 16 01:03:15 UTC 2026
Auto-update on Sat Jan 17 01:00:20 UTC 2026
Auto-update on Sun Jan 18 01:07:58 UTC 2026
Auto-update on Mon Jan 19 01:07:10 UTC 2026
Auto-update on Tue Jan 20 01:01:56 UTC 2026
Auto-update on Wed Jan 21 01:04:27 UTC 2026
Auto-update on Thu Jan 22 01:04:19 UTC 2026
Auto-update on Fri Jan 23 01:04:02 UTC 2026
Auto-update on Sat Jan 24 01:01:21 UTC 2026
Auto-update on Sun Jan 25 01:09:45 UTC 2026
Auto-update on Mon Jan 26 01:08:29 UTC 2026
Auto-update on Tue Jan 27 01:07:07 UTC 2026
Auto-update on Wed Jan 28 01:03:26 UTC 2026
Auto-update on Thu Jan 29 01:13:04 UTC 2026
Auto-update on Fri Jan 30 01:12:45 UTC 2026
Auto-update on Sat Jan 31 01:09:33 UTC 2026
Auto-update on Sun Feb  1 01:24:47 UTC 2026
Auto-update on Mon Feb  2 01:16:46 UTC 2026
Auto-update on Tue Feb  3 01:17:11 UTC 2026
Auto-update on Wed Feb  4 01:12:16 UTC 2026
Auto-update on Thu Feb  5 01:12:57 UTC 2026
Auto-update on Fri Feb  6 01:12:50 UTC 2026
Auto-update on Sat Feb  7 01:11:34 UTC 2026
Auto-update on Sun Feb  8 01:48:28 UTC 2026
Auto-update on Mon Feb  9 01:18:41 UTC 2026
Auto-update on Tue Feb 10 01:27:21 UTC 2026
Auto-update on Wed Feb 11 01:25:12 UTC 2026
Auto-update on Thu Feb 12 01:18:25 UTC 2026
Auto-update on Fri Feb 13 01:21:12 UTC 2026
Auto-update on Sat Feb 14 01:14:10 UTC 2026
Auto-update on Sun Feb 15 01:20:55 UTC 2026
Auto-update on Mon Feb 16 01:17:36 UTC 2026
Auto-update on Tue Feb 17 01:16:49 UTC 2026
Auto-update on Wed Feb 18 01:19:00 UTC 2026
Auto-update on Thu Feb 19 01:18:14 UTC 2026
Auto-update on Fri Feb 20 01:14:07 UTC 2026
Auto-update on Sat Feb 21 01:11:48 UTC 2026
Auto-update on Sun Feb 22 01:17:36 UTC 2026
Auto-update on Mon Feb 23 01:16:45 UTC 2026
Auto-update on Tue Feb 24 01:15:21 UTC 2026
